"lambda","borne_a","censoring_rate","pct_cancer","n_deaths_cancer","n_deaths_other","time_t","n_total","n_success","convergence_rate","failure_rate","bias_conditional","rmse_conditional","ecr_conditional","ecr_unconditional"
0.004,Inf,0.66082,0.0972674473360592,65.96,612.4,1,50,50,1,0,0.00166184201509487,0.00474901225668214,0.9,0.9
0.004,Inf,0.66082,0.0972674473360592,65.96,612.4,6,50,50,1,0,0.0106511856195896,0.0166843357945396,0.86,0.86
0.004,Inf,0.66082,0.0972674473360592,65.96,612.4,10,50,50,1,0,0.0196011808900573,0.0325298186162194,0.84,0.84
0.014,Inf,0.60211,0.27395693619144,218,577.78,1,50,50,1,0,0.00126072106170074,0.00510001402148999,0.92,0.92
0.014,Inf,0.60211,0.27395693619144,218,577.78,6,50,50,1,0,0.00993984423696084,0.0168610944147052,0.92,0.92
0.014,Inf,0.60211,0.27395693619144,218,577.78,10,50,50,1,0,0.0194245405720814,0.0337521230407401,0.86,0.86
