"lambda","borne_a","censoring_rate","pct_cancer","n_deaths_cancer","n_deaths_other","time_t","absolute_bias","bias","rmse","ecr"
0.018,Inf,0.77775,0.349606299212598,1554,2891,1,0.000999079929537627,-0.000999079929537627,0.000999079929537627,1
0.018,Inf,0.77775,0.349606299212598,1554,2891,3,0.00352610395401232,0.00352610395401232,0.00352610395401232,1
0.018,Inf,0.77775,0.349606299212598,1554,2891,5,0.0113700837300157,0.0113700837300157,0.0113700837300157,0
0.021,Inf,0.3179,0.0923618237795045,1260,12382,1,0.0068091800695228,0.0068091800695228,0.0068091800695228,0
0.021,Inf,0.3179,0.0923618237795045,1260,12382,3,0.0343065145875726,0.0343065145875726,0.0343065145875726,0
0.021,Inf,0.3179,0.0923618237795045,1260,12382,5,0.0627258656301626,0.0627258656301626,0.0627258656301626,0
