"lambda","borne_a","censoring_rate","pct_cancer","n_deaths_cancer","n_deaths_other","time_t","n_total","n_success","convergence_rate","failure_rate","bias_conditional","rmse_conditional","ecr_conditional","ecr_unconditional"
0.004,Inf,0.6525,0.106474820143885,74,621,1,1,1,1,0,-0.00759088696172849,0.00759088696172849,1,1
0.004,Inf,0.6525,0.106474820143885,74,621,6,1,1,1,0,-0.00166727414678591,0.00166727414678591,1,1
0.004,Inf,0.6525,0.106474820143885,74,621,10,1,1,1,0,0.0120038349321129,0.0120038349321129,1,1
0.014,Inf,0.6002495,0.274957811711563,219.819,579.682,1,1000,1000,1,0,0.00142779205790747,0.00504283700819599,0.923,0.923
0.014,Inf,0.6002495,0.274957811711563,219.819,579.682,6,1000,1000,1,0,0.0109790782514943,0.017290860221941,0.878,0.878
0.014,Inf,0.6002495,0.274957811711563,219.819,579.682,10,1000,1000,1,0,0.0209010334416474,0.0322278310563652,0.835,0.835
