"lambda","borne_a","censoring_rate","pct_cancer","n_deaths_cancer","n_deaths_other","time_t","absolute_bias","bias","rmse","ecr"
0.004,Inf,0.65935,0.0988375174960525,67.2,614.1,1,0.0023825784755081,0.0023825784755081,0.00446645735004818,1
0.004,Inf,0.65935,0.0988375174960525,67.2,614.1,6,0.0178462759062175,0.0178462759062175,0.0232456391069797,0.7
0.004,Inf,0.65935,0.0988375174960525,67.2,614.1,10,0.0171587990753358,0.0171587990753358,0.0347594872914333,0.9
0.014,Inf,0.6027,0.27103180427058,215.3,579.3,1,0.00225950861215626,0.00225950861215626,0.00529348199708303,0.9
0.014,Inf,0.6027,0.27103180427058,215.3,579.3,6,0.0165288980183523,0.0165288980183523,0.0215210865343379,0.7
0.014,Inf,0.6027,0.27103180427058,215.3,579.3,10,0.0203919183926326,0.0203919183926326,0.0412328012789569,0.9
